{"cameraMode":{"drawMode":0,"name":"Shaded","section":"Shading Mode"},"sceneLighting":false,"audioPlay":false,"sceneViewState":{"showFog":true,"showMaterialUpdate":true,"showSkybox":false,"showFlares":true,"showImageEffects":true,"showParticleSystems":true},"in2DMode":false,"pivot":{"x":1.9704290628433228,"y":-4.034458160400391,"z":4.217038154602051},"rotation":{"x":0.5738879442214966,"y":-0.01719457469880581,"z":0.012053531594574452,"w":0.8186675906181336},"size":15.52510929107666,"orthographic":false}