{"cameraMode":{"drawMode":0,"name":"Shaded","section":"Shading Mode"},"sceneLighting":false,"audioPlay":false,"sceneViewState":{"showFog":true,"showMaterialUpdate":true,"showSkybox":false,"showFlares":true,"showImageEffects":true,"showParticleSystems":true},"in2DMode":false,"pivot":{"x":1.1324152946472169,"y":-10.393289566040039,"z":14.283609390258789},"rotation":{"x":0.3069622218608856,"y":-0.002282341243699193,"z":0.0007362558390013874,"w":0.9517197608947754},"size":15.612702369689942,"orthographic":true}