{"cameraMode":{"drawMode":0,"name":"Shaded","section":"Shading Mode"},"sceneLighting":false,"audioPlay":false,"sceneViewState":{"showFog":true,"showMaterialUpdate":true,"showSkybox":false,"showFlares":true,"showImageEffects":true,"showParticleSystems":true},"in2DMode":false,"pivot":{"x":3.633870840072632,"y":-2.920504570007324,"z":0.9925594329833984},"rotation":{"x":0.3336249887943268,"y":0.07905921339988709,"z":-0.02809063158929348,"w":0.9389662146568298},"size":15.552643775939942,"orthographic":false}